<?xml version="1.0" encoding="UTF-8" ?>
<!DOCTYPE configuration
        PUBLIC "-//mybatis.org//DTD Config 3.0//EN"
        "http://mybatis.org/dtd/mybatis-3-config.dtd">
<configuration>
    <environments default="development">
        <environment id="development">

            <transactionManager type="JDBC"/>
            <dataSource type="POOLED">
                <property name="driver" value="com.mysql.jdbc.Driver"/>
                <!--链接数据库的 url字符串-->
                <property name="url" value="jdbc:mysql://localhost:3306/spring?useUnicode=true&amp;characterEncoding=utf-8&amp;serverTimezone=UTC&amp;useSSL=false"/>
                <!--访问数据库的用户名-->
                <property name="username" value="root"/>
                <!--密码咯-->
                <property name="password" value="123456"/>
            </dataSource>
        </environment>
    </environments>
    <mappers>
        <mapper resource="com/mybatis/Student/StudentDao.xml"/>
    </mappers>
</configuration>
